year,per capita income(US$)
1980,8150.091085509164
1981,8978.55616073194
1982,9807.021235954482
1983,10635.486311177257
1984,11463.951386400033
1985,12292.416461622808
1986,13120.88153684535
1987,13949.346612068126
1988,14777.811687290901
1989,15606.276762513444
1990,16434.74183773622
